filename,predicted_circumference,pixel_size
000_HC.png,43.75905665020082,0.0691358041432
001_HC.png,60.71770098327634,0.0896585200514
002_HC.png,57.5060027183992,0.062032562715
003_HC.png,59.4747873875515,0.0912911675193
004_HC.png,51.65610740155027,0.0612398400539
005_HC.png,53.166181719237876,0.115813952546
006_HC.png,59.27899357125582,0.0656056482541
007_HC.png,67.80785615504973,0.109361850697
008_HC.png,40.58332671308924,0.0776550861505
009_HC.png,71.76106253770185,0.121525358863
010_2HC.png,54.17540171038262,0.0799272457759
010_HC.png,53.574646429936614,0.0799351646787
011_HC.png,27.1974542253785,0.0554841260115
012_HC.png,54.01786870495177,0.0834604501724
013_HC.png,47.65254664495874,0.0619183278378
014_2HC.png,70.24900825002337,0.0789818540215
014_3HC.png,63.61321286535185,0.0773076919409
014_HC.png,56.89148137260229,0.0789062492549
015_HC.png,64.47165350729166,0.0604155767395
016_HC.png,35.48068114717138,0.0603058395616
017_2HC.png,72.9803643333006,0.0910227298737
017_HC.png,79.41870061231394,0.0910701968453
018_HC.png,62.797545601342314,0.0659655269824
019_2HC.png,56.20501129640955,0.117779842445
019_HC.png,45.46928933187976,0.118045111497
020_HC.png,57.10985115855595,0.054483698762
021_HC.png,58.03907502200705,0.0611258425364
022_2HC.png,62.230705319115096,0.09434756243
022_HC.png,55.799420049595106,0.04941494158
023_2HC.png,126.83894709684832,0.119170163359
023_HC.png,68.88907554679983,0.1035863099
024_HC.png,54.82802866679341,0.105222798884
025_HC.png,58.28200863692097,0.0744776138619
026_2HC.png,73.55925971619902,0.113034092567
026_HC.png,46.89952072625203,0.11327272789
027_HC.png,56.17669876627482,0.0892992424113
028_HC.png,60.79844057155401,0.0942857141765
029_HC.png,57.83650633926229,0.0618481636047
030_HC.png,51.636768070154965,0.0542289407357
031_HC.png,46.919062336990734,0.0729396464168
032_2HC.png,64.58376768953754,0.0983554709191
032_HC.png,68.69455276407082,0.0980844684676
033_2HC.png,69.31290017724437,0.0970505105639
033_HC.png,67.75522571781521,0.0971650498585
034_HC.png,70.41850319278052,0.0908181829886
035_HC.png,69.45152477959175,0.0877558453041
036_HC.png,60.853733081148484,0.0856360690347
037_HC.png,73.18156212675682,0.092240974859
038_HC.png,66.6127239378331,0.0606736792139
039_HC.png,57.87322425966217,0.0655010813161
040_HC.png,90.26619452063419,0.0794686022259
041_HC.png,71.1946288002962,0.0854555125964
042_HC.png,58.59858373089865,0.0540399359119
043_HC.png,60.5422980843473,0.061754849222
044_HC.png,47.95438829199946,0.113636363636
045_HC.png,60.97338055074166,0.0550714298919
046_HC.png,58.26628972470883,0.0748933873959
047_HC.png,68.33488975079582,0.0894523837737
048_HC.png,66.02697780623079,0.0727281622265
049_HC.png,82.00973707894204,0.110113426395
050_2HC.png,51.81694796195231,0.05918349238
050_HC.png,50.68083963667429,0.0591132570716
051_HC.png,60.83393057623628,0.061876192505
052_HC.png,36.84456450828965,0.0875243649148
053_HC.png,61.59411266172697,0.107659570714
054_HC.png,62.380823014170005,0.0561797752809
055_HC.png,70.41729048839292,0.0736317915075
056_HC.png,56.395822525999506,0.0644139219553
057_HC.png,61.70023061447089,0.0522291660309
058_HC.png,45.68378141087517,0.0770680079093
059_HC.png,67.72917706155863,0.0775708510326
060_HC.png,67.7379478585759,0.0985959815044
061_2HC.png,66.97922023550039,0.0630662901492
061_HC.png,60.763773487282435,0.0828286409378
062_HC.png,69.2749003733717,0.0739313749706
063_2HC.png,61.20143670997183,0.114488642324
063_3HC.png,68.27728360578605,0.088256576605
063_HC.png,63.782520596227045,0.114393938671
064_2HC.png,25.248677278710613,0.0696330600315
064_HC.png,44.641791673046335,0.0698593093289
065_HC.png,70.73541504301497,0.0850996122522
066_2HC.png,67.17466870735294,0.0686876414573
066_HC.png,64.64008369149174,0.0686532667238
067_HC.png,69.46096301909883,0.101268613825
068_2HC.png,67.52013075923149,0.0606325304652
068_HC.png,70.25461197777025,0.0606386991869
069_HC.png,44.31700891879657,0.0641114665912
070_HC.png,47.77980113347104,0.0955619017283
071_HC.png,45.50747138493772,0.127615386095
072_HC.png,68.46870991899891,0.0684661122218
073_HC.png,63.16839394623454,0.0624107159674
074_HC.png,69.07218433775436,0.0682768552271
075_HC.png,73.56375814960708,0.0945530072698
076_HC.png,67.68632505965164,0.0914384343407
077_HC.png,43.4211023935382,0.0921539962292
078_HC.png,40.17076908022129,0.0627323687077
079_HC.png,68.48912397531515,0.0957786119901
080_HC.png,57.95887845298599,0.054731880841
081_HC.png,58.957560844678824,0.0832638889551
082_2HC.png,73.61875204792524,0.117036644803
082_HC.png,52.522529087349305,0.117190452509
083_2HC.png,75.90124793730804,0.0611488339378
083_HC.png,66.87145058016189,0.0610871503993
084_HC.png,65.37464662676608,0.0733919047257
085_HC.png,72.75688368651326,0.108953805073
086_HC.png,68.80207492969022,0.104864041011
087_HC.png,68.40886522363219,0.0651652162725
088_2HC.png,70.57439387625986,0.117527537568
088_HC.png,67.70648640823815,0.0779224559665
089_HC.png,64.8324884772486,0.0775763988495
090_HC.png,63.1274038174208,0.0634707529334
091_HC.png,63.88382961818687,0.0574788279917
092_HC.png,66.73450462694227,0.0753690753922
093_2HC.png,67.94672182669964,0.0623848699033
093_HC.png,65.70188853468022,0.0670341889064
094_HC.png,49.50198667420635,0.130954792625
095_HC.png,69.68092431668016,0.0643689662982
096_HC.png,81.58885085471717,0.128153845286
097_HC.png,62.35679750361813,0.0689726006495
098_HC.png,69.3495122731404,0.0788046885282
099_HC.png,67.31616319156127,0.0897261926106
100_2HC.png,69.25479374906166,0.129033770317
100_HC.png,64.5749404203992,0.0652509618115
101_HC.png,67.88638483396115,0.0626067072153
102_2HC.png,66.55710022501549,0.0632418220556
102_HC.png,58.3733875501662,0.0671864160009
103_HC.png,77.80069138112574,0.103414341347
104_HC.png,70.99200348649178,0.0630528677868
105_HC.png,60.79938262379889,0.07437810969
106_HC.png,69.78484235931526,0.0759090889584
107_2HC.png,66.40882045417803,0.0618629323112
107_HC.png,65.60846989091411,0.0657894736842
108_2HC.png,79.65744779722226,0.113890238784
108_3HC.png,76.25531118743136,0.0981100867776
108_HC.png,81.23552711260915,0.113745169206
109_HC.png,72.0362858524699,0.0576789899804
110_HC.png,46.62612781395247,0.160304663643
111_HC.png,71.11387330024097,0.0614457844216
112_HC.png,71.18341834002666,0.105220439533
113_HC.png,76.69155932683911,0.0971043339142
114_HC.png,78.15091781976878,0.131386392995
115_HC.png,72.35595365523666,0.107903929167
116_HC.png,50.755285631645705,0.104077743987
117_HC.png,70.41666363373518,0.109634995461
118_HC.png,71.3776175832775,0.101576994876
119_HC.png,70.60069385784533,0.114303976297
120_HC.png,75.83588777205121,0.0748364960969
121_2HC.png,63.74966297079783,0.0606756109789
121_HC.png,46.96080463136671,0.060706117067
122_HC.png,77.99746903918867,0.113811194897
123_HC.png,82.02798969639673,0.101503182431
124_2HC.png,77.88385898273289,0.0655263152562
124_HC.png,82.12310083711566,0.0753651981923
125_2HC.png,74.04248787866413,0.064771179255
125_3HC.png,70.1688404297554,0.0654218267453
125_HC.png,71.81493079331749,0.0647380715841
126_2HC.png,70.66415453843416,0.0596358520644
126_3HC.png,70.2333491981331,0.0594879509438
126_HC.png,67.24865910053754,0.0594409271365
127_HC.png,100.92747180983656,0.123303285459
128_HC.png,79.84190609878831,0.102594446163
129_HC.png,86.65811028994038,0.129840404559
130_HC.png,90.55500115799904,0.114776629141
131_HC.png,50.2081275228167,0.0798509896748
132_HC.png,90.9666807626352,0.128234594296
133_2HC.png,85.67302642983239,0.0970085423726
133_3HC.png,92.58100135729718,0.14899159179
133_4HC.png,87.39044544182494,0.0926594160221
133_HC.png,83.42895377097331,0.0949166518337
134_HC.png,91.0192095578349,0.10373711586
135_HC.png,91.89739939531906,0.103247423762
136_2HC.png,92.65687406907351,0.091451048851
136_HC.png,84.87471592342958,0.072571384734
137_HC.png,87.08235158452722,0.114476802674
138_2HC.png,78.5263054164036,0.101473069921
138_HC.png,109.97777294468257,0.101335535244
139_HC.png,83.99246312135394,0.0743582088556
140_HC.png,87.18062839374579,0.170602582652
141_2HC.png,82.79254350786216,0.0832719256481
141_HC.png,73.61331777340195,0.0729908027511
142_HC.png,95.36469802356063,0.110606994894
143_2HC.png,60.03346831777897,0.0863665342331
143_HC.png,53.41692114713711,0.109918596952
144_2HC.png,81.9869702925475,0.0919270846579
144_HC.png,86.48782989109924,0.0919285471793
145_HC.png,88.65599810304313,0.115162792594
146_2HC.png,88.12656012987406,0.0834983487924
146_HC.png,86.25465197601841,0.0953428518204
147_HC.png,82.08037742091064,0.0819022880226
148_HC.png,83.7058569970539,0.0892671144434
149_HC.png,84.00545901076637,0.0744776138619
150_HC.png,52.58676777020125,0.132236841478
151_HC.png,88.8298538727947,0.125787496567
152_HC.png,78.20954079793636,0.0910154689442
153_HC.png,83.70810880921456,0.0842288136482
154_HC.png,89.74947178217617,0.0850624856302
155_HC.png,85.3431979066012,0.0768393003024
156_2HC.png,85.17607139915788,0.0911700292067
156_HC.png,90.07608409647564,0.0826754726347
157_HC.png,102.15193828753496,0.13706457125
158_HC.png,87.19061901868872,0.0838025907675
159_HC.png,95.7484443098716,0.078653274104
160_HC.png,91.12575154962566,0.114374445243
161_HC.png,93.29441395232794,0.0894745865038
162_HC.png,92.69554876367758,0.0880751379749
163_HC.png,94.55719070869986,0.142931154796
164_2HC.png,99.67938255502112,0.0943789279686
164_HC.png,98.72144758307705,0.09521428744
165_HC.png,104.98390515565598,0.0931299615789
166_HC.png,103.43774210951868,0.190514990917
167_HC.png,105.58115499526227,0.102140368248
168_HC.png,105.57555548533685,0.100516664982
169_HC.png,109.53771550667192,0.0996341466904
170_HC.png,105.41934748517895,0.111903455522
171_HC.png,105.69433808476302,0.10215045238
172_HC.png,108.20964535779925,0.123050779831
173_HC.png,113.53531314197839,0.201936020996
174_HC.png,103.45039360359837,0.107113782396
175_HC.png,103.54330667960718,0.0830874294043
176_HC.png,100.83178808803036,0.0876382150148
177_HC.png,109.1922023038633,0.112469169531
178_2HC.png,87.860721025035,0.0767174408986
178_HC.png,111.20590878585014,0.136271119118
179_HC.png,103.88305799310893,0.0812250087338
180_HC.png,111.66618487984717,0.114951298155
181_HC.png,110.64108482272583,0.122232640662
182_HC.png,115.11539139505678,0.202050353542
183_HC.png,107.92138213616595,0.098995496245
184_HC.png,116.94175479596973,0.182793813723
185_HC.png,89.86098623723481,0.0813770489615
186_HC.png,85.727891629344,0.0824905418959
187_HC.png,126.50557520267714,0.221207208104
188_HC.png,115.26619619515779,0.157175473869
189_HC.png,106.5308797721665,0.116558130397
190_HC.png,116.02372586410348,0.087396800518
191_HC.png,113.81619909469158,0.0845553915379
192_2HC.png,137.3748050183644,0.145303484272
192_HC.png,142.6895810631777,0.145568225314
193_2HC.png,141.46112977820286,0.202131295445
193_HC.png,131.53845963772025,0.157121941447
194_HC.png,127.70709693497308,0.114704086022
195_2HC.png,136.61083749722735,0.102708011257
195_HC.png,130.70114562373098,0.10402870054
196_HC.png,146.6037295687629,0.194799235234
197_HC.png,140.72660807289498,0.104261947175
198_2HC.png,133.314912733777,0.109954600806
198_HC.png,133.28831658813957,0.109946059657
199_HC.png,139.90900007255152,0.114403407682
200_HC.png,142.3040161242301,0.131865739822
201_HC.png,130.19363303669684,0.0947194279365
202_HC.png,133.28876013107777,0.11800904835
203_2HC.png,130.70372320352953,0.134624121962
203_3HC.png,133.18824247877808,0.11792102982
203_4HC.png,127.45393514157495,0.128613389455
203_HC.png,126.9037595281302,0.163398788821
204_HC.png,129.8209383075979,0.113186395981
205_HC.png,124.80348020548094,0.104727558792
206_HC.png,136.72309516688904,0.115799418716
207_HC.png,135.6009446856565,0.108375141154
208_HC.png,145.13712658233905,0.138268735674
209_HC.png,143.88153712325195,0.158554873769
210_2HC.png,140.72205126414192,0.120340968881
210_HC.png,138.47909215007002,0.111003365782
211_HC.png,132.51977956395282,0.101624599525
212_HC.png,133.90211576188307,0.098549477756
213_2HC.png,130.7351528801898,0.109641305778
213_HC.png,133.73873394494362,0.108878418155
214_HC.png,141.25535651885943,0.104589648545
215_HC.png,130.4661005388699,0.134585878334
216_HC.png,150.29683028844494,0.202570721507
217_HC.png,146.3025075322747,0.122675764851
218_HC.png,146.64758489271617,0.130134402932
219_HC.png,130.09358499747043,0.108877977599
220_2HC.png,139.54567125701078,0.114341202107
220_HC.png,139.48891224876263,0.114328061992
221_HC.png,143.08411625150737,0.120450116339
222_HC.png,133.89535445618122,0.0937302213795
223_2HC.png,150.48789586756632,0.153680931438
223_HC.png,145.91229457555372,0.122524674346
224_HC.png,143.1460277595888,0.120650903288
225_2HC.png,137.22265555773154,0.107154250145
225_HC.png,136.56353881704123,0.106369681815
226_HC.png,147.3675092927533,0.130539991354
227_2HC.png,139.08586102043878,0.124950282276
227_HC.png,151.2808298142267,0.124892771244
228_HC.png,144.64732424023467,0.134110362143
229_2HC.png,132.1810380851207,0.11260132898
229_HC.png,133.3491719910932,0.148918400793
230_2HC.png,134.3207747361119,0.0923510447696
230_HC.png,134.65525794617022,0.0923480093479
231_HC.png,144.68774451381387,0.104773280521
232_HC.png,141.650445138412,0.109484364157
233_HC.png,141.60029179887582,0.1774758952
234_HC.png,156.50971523434524,0.235922478494
235_2HC.png,144.7348006823215,0.134443471561
235_HC.png,146.58344570892254,0.134555310816
236_HC.png,144.63853450935815,0.137166670627
237_2HC.png,131.10596403546077,0.109902218632
237_3HC.png,143.56887162306398,0.124166667461
237_HC.png,131.9232391100435,0.108085553283
238_HC.png,139.06597767961452,0.16126007803
239_HC.png,146.03994961207545,0.106408152174
240_HC.png,142.27599094228745,0.125537499785
241_HC.png,140.89864739576348,0.136432438283
242_HC.png,144.94259682697225,0.148925676065
243_2HC.png,139.1975128384666,0.123100178998
243_3HC.png,149.83179770261353,0.175530708262
243_HC.png,149.82685887787625,0.175530708262
244_HC.png,149.50121835521284,0.144493358476
245_2HC.png,127.36177551831919,0.102841647304
245_3HC.png,131.29717499413536,0.102982727849
245_HC.png,129.56095358356373,0.102867471928
246_HC.png,146.6040489513551,0.166212121646
247_HC.png,149.48595057670244,0.116366951965
248_HC.png,146.4011304869787,0.10739015772
249_HC.png,142.7999355216964,0.104322607319
250_HC.png,151.97871207111288,0.159354834787
251_HC.png,145.30630340946132,0.116375975831
252_HC.png,143.17749182789643,0.122388499539
253_HC.png,142.58719285314262,0.115351060341
254_HC.png,148.9466272547385,0.126939695093
255_HC.png,139.51225436098144,0.114313946529
256_HC.png,150.85767905445783,0.123543637555
257_HC.png,146.07531969814804,0.148919119554
258_HC.png,154.65644852955248,0.148937439217
259_HC.png,147.0057767535209,0.113239958882
260_2HC.png,136.10516244106856,0.114338452166
260_HC.png,137.90765526719633,0.114464082501
261_HC.png,140.90824914088995,0.118087333791
262_HC.png,139.4145731895781,0.0972135900294
263_HC.png,140.62085143561842,0.111866672834
264_HC.png,143.67044210986296,0.107433757883
265_HC.png,148.7750225141612,0.108177752598
266_HC.png,149.97676540358577,0.125963240862
267_HC.png,146.56052085807758,0.141596640859
268_HC.png,138.51536813122567,0.10607902674
269_HC.png,149.48982598006515,0.13027811521
270_HC.png,154.74646105067274,0.159211707494
271_2HC.png,140.64607022119557,0.129558398173
271_HC.png,140.74910577541218,0.129393369724
272_HC.png,149.42107768320741,0.158160720021
273_HC.png,146.43359709009886,0.152752381383
274_HC.png,151.97673370722626,0.134451695391
275_HC.png,146.09367932845632,0.12360085547
276_2HC.png,155.2597739661684,0.127907387721
276_HC.png,151.0026034511814,0.127992675855
277_HC.png,143.31570862894998,0.132033040649
278_2HC.png,146.09258062983994,0.125241234899
278_HC.png,151.74129009900153,0.115194230579
279_HC.png,141.37270439305593,0.103594052295
280_HC.png,145.60372414265817,0.110854208469
281_HC.png,146.7763081876002,0.14005680879
282_HC.png,146.00566724120537,0.219130438307
283_HC.png,128.0779168998,0.0945929761203
284_HC.png,143.73263505098626,0.129572137808
285_HC.png,60.97429258759748,0.101734691737
286_HC.png,151.59357510404936,0.150871213638
287_HC.png,150.5203006981908,0.129241209764
288_HC.png,150.7455896919562,0.142185713564
289_HC.png,154.86218026143433,0.156555697322
290_HC.png,144.4967739091925,0.120803023257
291_2HC.png,143.7678026332292,0.11317118325
291_HC.png,145.2093890727587,0.103654762109
292_HC.png,136.3497822859328,0.102673087801
293_HC.png,145.41624699385537,0.125044643879
294_2HC.png,144.01451489747686,0.136191651628
294_HC.png,153.21699335227896,0.158440992236
295_HC.png,146.15746944538392,0.10632731179
296_HC.png,166.42745099232425,0.11794888272
297_HC.png,148.4839612654117,0.136595851666
298_HC.png,139.90743154882983,0.140243487226
299_2HC.png,92.86406750545989,0.141834216458
299_HC.png,139.0567099403557,0.138691696856
300_2HC.png,157.30704259895563,0.142732918262
300_HC.png,155.24792273741494,0.117419565425
301_HC.png,146.8673871486876,0.147041520652
302_HC.png,151.2857886724623,0.146450873683
303_HC.png,148.59792538601462,0.118201211804
304_HC.png,150.7640812871848,0.124407142401
305_HC.png,153.32048689536984,0.135074402835
306_HC.png,155.7101808629359,0.148986928603
307_HC.png,150.84750749407615,0.12343306367
308_HC.png,142.4162129231124,0.107926079022
309_HC.png,152.31367946049573,0.117978212379
310_HC.png,148.29380451285314,0.121394948262
311_HC.png,147.25827058056015,0.14406977381
312_2HC.png,142.78106647583172,0.127987701159
312_HC.png,146.52164439271593,0.131218041244
313_HC.png,154.19641895885894,0.124381944537
314_HC.png,146.09045102107,0.126990951025
315_2HC.png,148.80127736538677,0.18266853359
315_HC.png,150.39872747746156,0.201985378458
316_HC.png,150.70743153552303,0.128043026496
317_HC.png,141.22451857843896,0.10445424666
318_HC.png,132.2781818031899,0.105205391583
319_HC.png,149.57060289121455,0.139408707619
320_HC.png,140.87431726303555,0.107832252979
321_HC.png,151.08168733732035,0.108764767647
322_HC.png,151.99181959510716,0.145277494893
323_2HC.png,144.01716215004066,0.120244749955
323_HC.png,143.24762288353867,0.106097263225
324_HC.png,148.44622802606412,0.136863989373
325_HC.png,143.24435299825993,0.103617763768
326_HC.png,143.16132234172147,0.133804384867
327_2HC.png,136.63478002824212,0.0943018861537
327_HC.png,136.55400310496103,0.0943809972619
328_HC.png,151.61271184479645,0.11247446028
329_HC.png,151.07157514678832,0.129826542659
330_HC.png,153.49711772835465,0.140277776453
331_HC.png,145.60198207836922,0.136120158273
332_HC.png,145.09106298213572,0.122829559373
333_HC.png,142.0037041489613,0.106051729081
334_HC.png,147.77216589199867,0.147324695307
335_HC.png,147.17573024525853,0.119780216898
336_HC.png,143.55548682962095,0.114601593126
337_HC.png,147.85164184605082,0.11916936863
338_HC.png,144.82404431936064,0.143367443766
339_HC.png,152.18495765264183,0.116265929023
340_2HC.png,148.66192351287762,0.132886092914
340_HC.png,147.87428796170187,0.129034748444
341_HC.png,149.66127170492567,0.13877964682
342_HC.png,149.27881015252186,0.122521752264
343_HC.png,149.042142907966,0.120238094103
344_HC.png,144.077729393459,0.122326452558
345_2HC.png,139.96303374375577,0.105793387332
345_HC.png,141.22619196038724,0.130960682505
346_HC.png,146.84022404083888,0.104822305342
347_HC.png,139.71128842266765,0.110383835104
348_HC.png,137.85621208254096,0.0956618957795
349_HC.png,143.15805598651875,0.141565442085
350_HC.png,155.93006896475097,0.125082880259
351_HC.png,149.92553253186873,0.144118632589
352_2HC.png,153.71329386534063,0.111274321874
352_HC.png,149.20344110064434,0.110612372557
353_HC.png,156.61044415785972,0.14216280835
354_HC.png,153.79053647683503,0.12167497379
355_HC.png,154.97897728222918,0.157376043499
356_HC.png,152.38568887056957,0.144935795239
357_HC.png,141.67778823004343,0.12131276654
358_HC.png,147.5062036711485,0.134737676865
359_2HC.png,150.17250460112515,0.117375795231
359_HC.png,153.48362836070964,0.125903949142
360_2HC.png,156.75439566492545,0.124071039259
360_HC.png,149.0645825579981,0.155726205558
361_2HC.png,152.33911988974796,0.16407181005
361_HC.png,160.98032044227597,0.168772955736
362_HC.png,147.53518359067527,0.114250521768
363_HC.png,154.1830697610084,0.129877420572
364_2HC.png,148.28836273028614,0.13933767875
364_HC.png,163.60252470103944,0.142527469567
365_HC.png,151.1500141159266,0.145335653249
366_HC.png,153.60479975714054,0.136268767151
367_HC.png,144.05073745391834,0.132902703787
368_HC.png,142.7238167511666,0.138930728038
369_HC.png,157.80164855068261,0.134754366166
370_HC.png,150.60868440086483,0.134799246852
371_HC.png,79.63512987581767,0.132815947658
372_HC.png,150.49170486368783,0.13571202755
373_2HC.png,152.73754662884778,0.14398430075
373_HC.png,152.64197492554956,0.144000002316
374_HC.png,153.44548290147083,0.128389337124
375_HC.png,143.7114726079623,0.127206230775
376_2HC.png,147.9802860766725,0.157775729895
376_HC.png,138.0339057265054,0.104434875151
377_HC.png,148.40538238605836,0.10924866666
378_HC.png,144.69374320423944,0.107782592056
379_HC.png,145.30439543198656,0.119801348164
380_HC.png,161.05223570394068,0.146630248603
381_HC.png,146.3366222409733,0.138369070159
382_2HC.png,141.80607464233967,0.109994696534
382_HC.png,144.73003826286683,0.11389859698
383_HC.png,151.17599141343877,0.14094137294
384_2HC.png,137.60549550090983,0.121714937978
384_HC.png,140.04051717259534,0.12178959643
385_HC.png,146.7096634868361,0.133190594221
386_HC.png,147.58394903043256,0.132256071819
387_HC.png,148.2092991460515,0.108447204465
388_HC.png,149.37716961789872,0.190535875467
389_HC.png,152.70338032563382,0.109732915526
390_HC.png,153.3915512852964,0.122206152939
391_HC.png,158.15414206490811,0.144166009767
392_2HC.png,152.3427979482007,0.145446991219
392_3HC.png,152.33556326996614,0.145446991219
392_HC.png,152.3427979482007,0.145446991219
393_HC.png,148.4728881077563,0.103252177336
394_2HC.png,154.77941046285727,0.118185331424
394_HC.png,162.3361938654909,0.125482335687
395_HC.png,152.89525878481322,0.106208679524
396_HC.png,149.31074835892503,0.166408042113
397_HC.png,139.36968935224616,0.113118609244
398_HC.png,148.41508442610458,0.139695604642
399_2HC.png,154.08880333785945,0.127850213112
399_HC.png,150.9872814311703,0.137776202626
400_HC.png,145.18876429572788,0.126295179129
401_HC.png,143.87573087597366,0.1164227031
402_HC.png,147.9851903680857,0.12686673599
403_2HC.png,151.82297089496367,0.130650369745
403_HC.png,143.50247434632334,0.132229234043
404_2HC.png,146.7401667578086,0.123728200793
404_HC.png,164.25140800978386,0.235595234803
405_HC.png,176.7998282042434,0.172744989395
406_HC.png,147.59529666936166,0.135628806578
407_HC.png,152.8539195655347,0.115547429684
408_HC.png,144.41459956438572,0.10130942476
409_HC.png,145.63139811588692,0.106472702737
410_2HC.png,157.8382442705048,0.141754661288
410_HC.png,156.9538060973932,0.157291665673
411_HC.png,142.9643186025647,0.105820494763
412_HC.png,141.01368115782702,0.114197622646
413_HC.png,149.6267869710028,0.113854381171
414_HC.png,143.85090052087602,0.137598042687
415_HC.png,152.5200810510106,0.141517293285
416_HC.png,135.121650708173,0.117165695789
417_HC.png,147.51823310472702,0.124411761761
418_HC.png,153.87437007401007,0.139222525888
419_HC.png,153.28624375083797,0.150024439349
420_HC.png,146.53851923941207,0.116137099821
421_HC.png,151.15763973530923,0.114982388485
422_HC.png,143.37419027119904,0.123148415147
423_HC.png,153.43949975946012,0.11687345283
424_HC.png,153.4253338318755,0.139504422744
425_2HC.png,140.6799644947654,0.116697674574
425_HC.png,141.06941122415805,0.116681595181
426_2HC.png,119.0412550629833,0.10005594492
426_3HC.png,117.89299953387126,0.100098586082
426_4HC.png,89.08905240771148,0.12425955385
426_HC.png,120.5771690524993,0.100013697147
427_HC.png,142.31471438219867,0.114904574373
428_HC.png,147.14215915294596,0.110678295294
429_HC.png,157.64935446796562,0.133311478297
430_HC.png,152.77432607611829,0.123868055642
431_2HC.png,140.13662716606092,0.108814952166
431_HC.png,141.57546235472998,0.108786769535
432_HC.png,147.97516719240778,0.116587835689
433_HC.png,148.72212037626403,0.188504727382
434_2HC.png,144.0512937008679,0.109579627929
434_HC.png,144.92626919140147,0.109593855298
435_HC.png,150.88736274408492,0.134895749994
436_HC.png,149.15845542528683,0.102211869493
437_2HC.png,152.040477506003,0.134648648468
437_HC.png,151.76104275193197,0.113111890175
438_HC.png,147.53110951338002,0.129282046587
439_HC.png,156.32546188686882,0.134251560714
440_2HC.png,144.0063263508667,0.193703263998
440_HC.png,161.7088557534463,0.209512189031
441_HC.png,151.87347176640964,0.118731501557
442_HC.png,150.28112952256953,0.125072255731
443_HC.png,151.2560906019373,0.165670295556
444_2HC.png,152.29832183305874,0.131225562409
444_HC.png,152.60827879606185,0.137323513627
445_HC.png,147.98264272469717,0.111502528191
446_HC.png,150.3748091343227,0.118132396823
447_HC.png,152.87593602707275,0.141787707806
448_HC.png,147.25655658897202,0.106134129331
449_HC.png,155.1619435715391,0.149000322118
450_HC.png,145.98670574920106,0.111369053523
451_HC.png,140.74066059206743,0.137176105421
452_HC.png,145.42780346470283,0.11482749473
453_2HC.png,140.36878713905023,0.126892733268
453_HC.png,143.659544888996,0.11384297501
454_HC.png,147.3997805644679,0.121188134682
455_HC.png,161.53588239976946,0.147965164746
456_HC.png,162.53218058985732,0.157039612532
457_2HC.png,164.02143817110615,0.182146253409
457_HC.png,159.642122317138,0.134174582121
458_HC.png,147.62886452771437,0.113500776616
459_HC.png,153.44082918424266,0.145727124284
460_HC.png,147.52045068512928,0.130189244564
461_HC.png,147.32944584450263,0.111415346464
462_2HC.png,147.34892220754801,0.110138667809
462_HC.png,150.74555284916948,0.119430522124
463_HC.png,148.34110147841255,0.136702705074
464_HC.png,146.48580979733006,0.11741417785
465_HC.png,143.55077560318574,0.156077397987
466_HC.png,151.34240694381623,0.128560448304
467_HC.png,100.90110438399287,0.202178593838
468_2HC.png,156.53275207684095,0.125157102942
468_HC.png,153.27224398971336,0.118279989277
469_2HC.png,144.2120159819306,0.132625296712
469_HC.png,140.9907179518575,0.129041503637
470_HC.png,155.55027323614124,0.124254144728
471_2HC.png,155.57485535371922,0.132752688308
471_HC.png,154.9326712211223,0.112276567353
472_HC.png,150.36005064023377,0.14015664657
473_HC.png,150.05760613767183,0.129012893408
474_HC.png,150.34112646690116,0.137033266564
475_HC.png,162.18801794739812,0.143284167562
476_HC.png,67.99088798585181,0.11541581702
477_HC.png,161.04280146768116,0.112683285366
478_HC.png,155.9489042162616,0.111882209778
479_2HC.png,151.37552948456042,0.113811682571
479_HC.png,152.26572607177962,0.113795968619
480_HC.png,154.60470794373643,0.123594366474
481_HC.png,154.88975153440128,0.121827896048
482_2HC.png,149.2089261152474,0.134905689471
482_3HC.png,146.13738104822735,0.113471197811
482_HC.png,151.79461596848262,0.130932958503
483_2HC.png,147.19812411368227,0.123047334392
483_HC.png,149.13993633980292,0.122973351944
484_HC.png,152.27667108390364,0.119845696858
485_HC.png,152.8566265936764,0.116363999455
486_2HC.png,168.6932682780827,0.134605741179
486_HC.png,167.61939397888432,0.134455956317
487_HC.png,152.6666260900765,0.122422401498
488_HC.png,158.08453283690446,0.239245579356
489_HC.png,155.32611671983378,0.133363644282
490_2HC.png,160.4462488168618,0.123585388984
490_HC.png,163.93464642839888,0.123678887332
491_HC.png,159.11461480216792,0.128183762232
492_HC.png,144.64048376633372,0.118678637913
493_HC.png,141.6910559547888,0.121036586238
494_HC.png,157.73957336540334,0.133893352908
495_2HC.png,166.23466025576883,0.187826509829
495_3HC.png,152.85355013253889,0.132723105581
495_4HC.png,168.7366999017942,0.187924371825
495_HC.png,169.3833444331165,0.218944083089
496_HC.png,151.70451666343132,0.146705885144
497_HC.png,150.85364334851405,0.144260798182
498_HC.png,153.9591195958904,0.119047619048
499_2HC.png,153.7576820031735,0.133310731252
499_HC.png,156.09166465091388,0.131489744312
500_HC.png,154.1749819574572,0.155017459765
501_HC.png,150.79061581700716,0.148857919609
502_HC.png,160.45063130388564,0.117650406305
503_HC.png,143.45321249851187,0.12842910412
504_HC.png,151.5260533988416,0.129272265312
505_HC.png,154.21387405458486,0.108242754055
506_HC.png,157.6225493756375,0.133120878537
507_2HC.png,146.26038465528248,0.130545112648
507_HC.png,146.1602462720819,0.130545112648
508_HC.png,151.15903107632212,0.137442921939
509_HC.png,159.90480131040079,0.125513508916
510_HC.png,153.2544167738828,0.109844013401
511_HC.png,144.40359973359597,0.12230063357
512_HC.png,154.00872897635787,0.106965404876
513_HC.png,142.16204378726533,0.106038273649
514_HC.png,154.50295183402162,0.134337616933
515_HC.png,156.5295011281824,0.134642373871
516_HC.png,151.6206911187746,0.131090008899
517_HC.png,152.66793576000595,0.11989989451
518_HC.png,157.03185652074023,0.177645853588
519_HC.png,153.4831693776362,0.149295187708
520_HC.png,150.41887615122502,0.114673619921
521_HC.png,150.6963354955537,0.111136078835
522_HC.png,152.0609699319759,0.117773350547
523_HC.png,154.4336530531627,0.172240415524
524_HC.png,159.19859992303412,0.141572952271
525_HC.png,154.47173195248408,0.128357242315
526_2HC.png,161.37225169528523,0.144927536232
526_HC.png,157.0516645986608,0.146471971975
527_HC.png,157.94877632351015,0.120836612655
528_HC.png,154.15202790610596,0.124201387167
529_HC.png,149.6197185197231,0.1176717115
530_HC.png,149.36914925581473,0.127553114524
531_2HC.png,148.6872285248681,0.139420628548
531_HC.png,148.72314388304125,0.139493097862
532_2HC.png,158.73891396573183,0.152666008834
532_HC.png,151.76337616206177,0.139391091135
533_HC.png,157.68569632831145,0.144827314786
534_HC.png,152.36572365716486,0.112870275305
535_HC.png,151.7584818008923,0.129622587791
536_HC.png,150.99824526376565,0.103967698912
537_HC.png,157.79644676254026,0.157579816878
538_HC.png,148.01973533455765,0.113655301658
539_HC.png,161.3616218779989,0.158386826515
540_HC.png,160.4701522062001,0.121361133529
541_2HC.png,153.9731111596862,0.120633395321
541_HC.png,139.20052511640623,0.0985910495122
542_HC.png,152.3940064451128,0.132962402545
543_HC.png,162.90934418448072,0.130406107221
544_2HC.png,158.65491470371583,0.131893267757
544_HC.png,148.18661935474066,0.117490028226
545_2HC.png,153.29512423755716,0.134808437244
545_HC.png,155.06583469623817,0.142273426056
546_HC.png,152.80086162636476,0.113707753745
547_2HC.png,151.14564885881882,0.141874483653
547_HC.png,149.15191766511666,0.141839768205
548_HC.png,149.50706281170974,0.108204373847
549_HC.png,147.42952088163332,0.121102551135
550_HC.png,132.81974667020003,0.120896929648
551_HC.png,151.97874474678693,0.108054170142
552_HC.png,159.63656056751327,0.116026290627
553_HC.png,161.51212097866156,0.134660722436
554_HC.png,150.5088791028165,0.110151516067
555_HC.png,161.4459032442902,0.119167935281
556_2HC.png,159.6410419515936,0.145175543384
556_HC.png,157.53776334804238,0.145238102346
557_HC.png,154.4514208198479,0.127823391022
558_HC.png,156.47840632082278,0.136381967648
559_HC.png,152.94919572641493,0.108744229959
560_HC.png,154.21424200115615,0.123075348575
561_2HC.png,152.35591409977874,0.120117905594
561_3HC.png,143.55554919521475,0.13801107804
561_HC.png,150.08603264192274,0.135623587144
562_HC.png,154.34947106702467,0.159359754078
563_HC.png,158.99092703658704,0.126554302022
564_HC.png,160.59679087212714,0.126442357898
565_HC.png,167.45175011569413,0.131190787805
566_2HC.png,154.16095704145576,0.118426914726
566_HC.png,154.68784139867716,0.118393514838
567_2HC.png,150.90884333732532,0.112534908766
567_HC.png,150.52901369440661,0.112553272354
568_HC.png,146.24473023942102,0.132402244367
569_HC.png,147.3233833878562,0.10333391809
570_2HC.png,161.60309031985247,0.130410333733
570_3HC.png,158.22451756700744,0.133755923928
570_HC.png,156.4941599935496,0.133883542306
571_HC.png,149.76705305981847,0.130106149576
572_HC.png,142.98468897605275,0.115680867849
573_HC.png,163.547725600261,0.165555556615
574_2HC.png,141.43784786205808,0.120377327715
574_HC.png,152.35904341275602,0.133044264818
575_HC.png,157.10696023813298,0.190673630971
576_HC.png,151.21224612488408,0.126191526651
577_HC.png,151.1687465244191,0.123549022792
578_HC.png,157.366192906609,0.109660482925
579_HC.png,157.38977634593746,0.129329608037
580_HC.png,154.80506613994007,0.147650347036
581_HC.png,154.69900442376772,0.128197922156
582_HC.png,154.40995875994284,0.12084702893
583_2HC.png,170.68675503014794,0.154738454148
583_HC.png,161.37445407885937,0.15051054232
584_HC.png,158.73604772164987,0.202031063311
585_HC.png,113.19117027794094,0.113909813491
586_HC.png,158.55784608079378,0.144920298031
587_2HC.png,152.34986357434423,0.151374204592
587_HC.png,152.27853121994553,0.168007453283
588_2HC.png,148.08084114624825,0.112928274003
588_HC.png,150.66950759080612,0.156303271651
589_HC.png,158.9382142096219,0.130817929381
590_HC.png,154.5297830572,0.16640595595
591_HC.png,154.42041913882426,0.11738960133
592_2HC.png,153.25045592161771,0.124058991671
592_HC.png,150.8696274525233,0.109154594981
593_HC.png,165.37773874168406,0.151779705828
594_HC.png,160.3468381264072,0.14292376382
595_HC.png,154.20430289846743,0.140897548861
596_HC.png,151.8792576285627,0.130694320327
597_HC.png,157.90428020232278,0.118996415819
598_HC.png,155.17924670175023,0.124682433903
599_HC.png,162.06368872425216,0.138526890013
600_HC.png,161.42274086197094,0.122116019086
601_HC.png,157.61506357575703,0.106324845172
602_HC.png,158.37760639955005,0.146785597591
603_HC.png,161.2446744023177,0.141838908195
604_HC.png,141.29567137326683,0.148790022906
605_HC.png,160.6317776625466,0.18790156753
606_HC.png,161.4662908796776,0.238966970217
607_HC.png,155.66539517290212,0.135909431689
608_HC.png,162.2904908579023,0.132505658426
609_2HC.png,168.43619943699792,0.129519884403
609_HC.png,169.25962654340807,0.129474095809
610_HC.png,173.3002625229161,0.235891001565
611_HC.png,156.0715713164539,0.112429791027
612_HC.png,162.7549247782964,0.142964669636
613_2HC.png,147.76178467263705,0.127867742991
613_3HC.png,145.88537257890482,0.190598288408
613_HC.png,149.30703551162162,0.134597581786
614_HC.png,102.87105162532673,0.134702977296
615_HC.png,154.4739438114026,0.111789080832
616_HC.png,161.25272075263456,0.126909369077
617_2HC.png,169.16365470906976,0.145147057141
617_HC.png,164.83460506908781,0.145177692175
618_2HC.png,173.47077007212062,0.192696108268
618_HC.png,171.03390207350668,0.15702335164
619_HC.png,170.93715735716083,0.115914961626
620_HC.png,169.29014954660872,0.129699783447
621_HC.png,165.30205908493386,0.12174270502
622_HC.png,159.57099864493023,0.131968808802
623_HC.png,158.81058222590866,0.144005894661
624_HC.png,170.1442462941951,0.166422555844
625_HC.png,172.43046842301712,0.16322580076
626_HC.png,170.4705631013566,0.163426995277
627_HC.png,171.50866551878892,0.221732656161
628_2HC.png,179.2383441857796,0.131861363587
628_HC.png,153.26064950025344,0.111246652073
629_HC.png,170.84194764400877,0.12923336946
630_2HC.png,166.9266337903869,0.190632434992
630_HC.png,164.17435867062878,0.134729726894
631_2HC.png,187.33387117798426,0.235736540386
631_HC.png,182.61014914369233,0.141005294664
632_HC.png,170.02453377122615,0.115936100483
633_HC.png,156.67515064061544,0.127987953333
634_HC.png,179.34869082194496,0.202146539784
635_HC.png,175.48844164946567,0.162137496856
636_HC.png,179.04580317062653,0.202115569452
637_HC.png,162.44002171331704,0.393280178308
638_HC.png,181.7762917346168,0.24080101266
639_2HC.png,182.60871392372573,0.260484187634
639_HC.png,184.75303267854594,0.259912973875
640_HC.png,158.5965894706544,0.139156265391
641_HC.png,180.36406555970737,0.159568892371
642_HC.png,177.36376501315922,0.146920742357
643_HC.png,177.9458818475053,0.119858483473
644_HC.png,180.76158259940485,0.143763729504
645_HC.png,171.3033793844893,0.202061865065
646_HC.png,179.7968039087663,0.151038964589
647_HC.png,190.98353210699307,0.202060492352
648_2HC.png,185.31874621607022,0.147688090801
648_HC.png,192.5334567395621,0.15179372195
649_HC.png,187.80233205840227,0.137468576431
650_HC.png,180.12865228054864,0.213176747586
651_HC.png,187.16877512836095,0.149010314661
652_2HC.png,187.98493579718155,0.162851579728
652_HC.png,185.02287201758628,0.1635005974
653_HC.png,204.922451810844,0.235823151611
654_HC.png,181.41345606187716,0.140807181597
655_HC.png,171.68399126914136,0.157234705985
656_HC.png,183.13201234072602,0.141272962093
657_2HC.png,201.32438998601933,0.148152165553
657_HC.png,177.54723294302283,0.15033893513
658_HC.png,187.96244251833176,0.263785625759
659_HC.png,203.14810239135687,0.211958910557
660_HC.png,196.11871827081154,0.139514820443
661_HC.png,190.43556264851247,0.139967021015
662_HC.png,188.02323036442365,0.149357949986
663_HC.png,193.62019074343496,0.20202020202
664_HC.png,193.20837175922227,0.133042241398
665_HC.png,195.25277796126718,0.170359817044
666_HC.png,201.82034569002238,0.205895544327
667_HC.png,193.70060851259493,0.13470680327
668_HC.png,193.05197525075218,0.325972841632
669_HC.png,210.50430454715885,0.169953148244
670_HC.png,193.85338549523019,0.187905850234
671_2HC.png,130.913616217202,0.174401546347
671_3HC.png,201.1997889942074,0.221515576045
671_HC.png,143.86670717336938,0.157193709165
672_HC.png,205.45042236584183,0.166355927785
673_2HC.png,212.65700996381818,0.326529318287
673_HC.png,191.51618436890217,0.301365816232
674_HC.png,196.8558670708128,0.198228812218
675_2HC.png,200.481667775611,0.210895663814
675_HC.png,194.43511483564535,0.210975546586
676_HC.png,189.41484366114636,0.158146116883
677_2HC.png,203.25970355220028,0.230389299064
677_HC.png,218.34905082872928,0.326366270742
678_HC.png,199.85189237704822,0.163199036352
679_HC.png,210.13670361838695,0.171450263467
680_HC.png,209.3173800350022,0.235804049742
681_HC.png,182.5646327196678,0.151142893416
682_HC.png,149.06957532095183,0.175955295563
683_HC.png,213.1798544124395,0.187427313239
684_HC.png,223.0496436834092,0.211266668219
685_HC.png,202.65842245884627,0.219544093687
686_2HC.png,215.30395568057583,0.246286479438
686_HC.png,203.7423962181467,0.213288702863
687_HC.png,204.87875023823352,0.143023524966
688_HC.png,193.5604878937592,0.235758792786
689_HC.png,210.82452641145102,0.188721219699
690_2HC.png,224.52467561748594,0.177533690419
690_HC.png,225.31838133468221,0.177614071539
691_HC.png,221.14863092501798,0.222510947122
692_2HC.png,215.77021625914742,0.230148085232
692_HC.png,228.24482026689083,0.230277105309
693_HC.png,224.57900642758446,0.15485513024
694_HC.png,219.78471372593944,0.219047017719
695_HC.png,217.80462398484633,0.150786710508
696_HC.png,234.03461914845573,0.224935178007
697_HC.png,231.59516505175628,0.303726160165
698_HC.png,173.56212638859503,0.235841955457
699_HC.png,226.49333273701836,0.155913466588
700_HC.png,223.9392435489442,0.177599894149
701_HC.png,238.23754564984526,0.322814679915
702_HC.png,235.9713142989967,0.193766080416
703_HC.png,209.47726209797042,0.15266642426
704_2HC.png,209.919057286056,0.260323208648
704_HC.png,225.61864168424685,0.260371294889
705_HC.png,228.77922955654228,0.162015826471
706_HC.png,234.15155099152975,0.244462519157
707_HC.png,213.62694125532425,0.154059171677
708_2HC.png,224.16414658941034,0.258567761152
708_3HC.png,219.713942877047,0.280876060327
708_HC.png,238.78594021833388,0.258503021338
709_2HC.png,241.65088447741144,0.202544027445
709_HC.png,245.73852483626806,0.202522423803
710_HC.png,233.11363397974594,0.170887903921
711_HC.png,247.6262015512194,0.278713603814
712_2HC.png,212.37384266668,0.177480163319
712_HC.png,220.56278817750976,0.177544121231
713_HC.png,233.22338687632202,0.186327960756
714_HC.png,234.20632105802616,0.202174403451
715_HC.png,246.732594189323,0.235746460302
716_HC.png,245.88615024807072,0.240690751248
717_2HC.png,220.09283465934988,0.172407308529
717_HC.png,228.31244064689918,0.172439053141
718_2HC.png,224.42972740904554,0.240940013564
718_HC.png,154.93112911237836,0.240869177393
719_HC.png,231.30409469095096,0.243206751056
720_2HC.png,241.2722821911016,0.193088834102
720_HC.png,241.44303988052178,0.193109558179
721_HC.png,207.5839650147403,0.166349997123
722_HC.png,230.50877542608782,0.235879619916
723_HC.png,225.06364860297705,0.17064561104
724_HC.png,246.81613568168203,0.202229336055
725_2HC.png,231.40909016570347,0.185790194405
725_HC.png,251.3161541920113,0.219304950341
726_HC.png,242.6502746691676,0.193042617578
727_HC.png,229.8831813774475,0.180992973702
728_HC.png,248.3043861303082,0.220644185831
729_HC.png,228.7585328703739,0.260525090354
730_2HC.png,254.05849116160942,0.217839298041
730_HC.png,235.49540042179652,0.183080125738
731_2HC.png,240.65004849180568,0.198420977592
731_3HC.png,241.17896032455536,0.23568877152
731_HC.png,226.7151979974768,0.198267793655
732_HC.png,211.62247423098654,0.148211384521
733_HC.png,238.06829855253017,0.235860943794
734_HC.png,238.26481637687647,0.235885566189
735_HC.png,251.3359295554634,0.24313708631
736_2HC.png,253.6627991104478,0.198599994183
736_HC.png,250.49636056433408,0.198546075821
737_HC.png,249.92987428429433,0.221514463425
738_HC.png,175.78176108548055,0.201963294636
739_HC.png,224.37120399156865,0.167226274808
740_HC.png,229.36109653375075,0.216476761776
741_HC.png,240.00477822097906,0.185119277901
742_HC.png,264.69700151735697,0.199538958073
743_HC.png,231.36721588881502,0.259951894934
744_HC.png,251.4824697195429,0.219145339468
745_HC.png,254.32381836374097,0.190277775893
746_2HC.png,234.0003421863292,0.202165541023
746_3HC.png,242.8086550982819,0.240700647055
746_4HC.png,238.65614535109432,0.279691384898
746_HC.png,237.5758034665705,0.26034816519
747_HC.png,210.51910515846325,0.22090959549
748_HC.png,247.4058780338817,0.199151945114
749_HC.png,273.9351712097721,0.259984747156
750_HC.png,247.79207759509217,0.198414877057
751_2HC.png,157.93556586333384,0.281220244037
751_HC.png,261.0213101403308,0.206091231907
752_HC.png,245.7363309206535,0.235899289449
753_HC.png,144.01574639961945,0.260234993774
754_HC.png,241.39047240588602,0.348544984028
755_HC.png,247.15502426947842,0.200122022629
756_2HC.png,232.46639973136,0.209090212981
756_HC.png,237.73513699524884,0.2090425541
757_HC.png,261.41849652032033,0.193869379851
758_HC.png,282.46896278532006,0.284263695989
759_HC.png,254.18434053154112,0.201999587242
760_HC.png,247.17934447101538,0.235732893149
761_HC.png,249.68571930898668,0.202198871458
762_HC.png,243.37778773820517,0.260313579014
763_HC.png,220.78809209751063,0.281006263362
764_2HC.png,229.87131094400726,0.200062870979
764_HC.png,149.1966839731018,0.200118350983
765_HC.png,254.5088043588756,0.221616334385
766_HC.png,235.2938297250395,0.182323239066
767_HC.png,258.6521888634691,0.224223401811
768_2HC.png,255.603961397838,0.214146959021
768_HC.png,160.85664002056805,0.214099097759
769_HC.png,160.85538059285832,0.227598547935
770_HC.png,247.83344013897732,0.297058820724
771_HC.png,238.7205049608159,0.235874709629
772_HC.png,207.15271060415938,0.213106642378
773_2HC.png,245.4408955098348,0.221600823932
773_3HC.png,237.6590582592576,0.221442076895
773_HC.png,244.68071091732443,0.221623327997
774_HC.png,230.2827718661237,0.214354205639
775_HC.png,259.0218152703864,0.210651196932
776_HC.png,243.43606905168426,0.235820299103
777_HC.png,181.39239135126667,0.198297023773
778_HC.png,265.9182435366287,0.240907640342
779_2HC.png,246.00399243022477,0.326328931316
779_HC.png,256.44840852340803,0.326113700867
780_2HC.png,167.22565111280463,0.221481482188
780_HC.png,247.18877931234346,0.221580094761
781_HC.png,162.28881315000277,0.260988024922
782_HC.png,95.08695580737151,0.180129749434
783_2HC.png,268.77278811575957,0.307773480049
783_3HC.png,264.30320020532264,0.30768770438
783_4HC.png,187.46719233689018,0.246140782426
783_HC.png,193.5884169407317,0.246028754769
784_HC.png,273.6822684832765,0.24092711598
785_2HC.png,257.3761609377879,0.214344542077
785_HC.png,248.76033825580194,0.214313344753
786_HC.png,259.18781667541606,0.206075611803
787_HC.png,273.2787990334989,0.202475388845
788_2HC.png,264.24558990150877,0.261566968341
788_HC.png,264.59682504732257,0.261566968341
789_HC.png,257.3146794070983,0.299029385866
790_HC.png,254.13747137492368,0.281501202516
791_HC.png,271.0237655998976,0.260203225272
792_HC.png,228.1616695645681,0.210600074969
793_2HC.png,258.24762431451455,0.214439655872
793_HC.png,241.9988833703166,0.191717319764
794_HC.png,248.5732832561733,0.181220620871
795_2HC.png,269.6367191589516,0.224719101124
795_HC.png,272.7047778164084,0.224712256635
796_2HC.png,274.8366250694838,0.227574787357
796_HC.png,273.69870711267816,0.257187164747
797_HC.png,266.6470895553476,0.263801938609
798_HC.png,254.49612670579975,0.206041114846
799_HC.png,272.47287908331407,0.279483795166
800_HC.png,147.31787105441478,0.235731332075
801_HC.png,171.7171332077506,0.296851326438
802_HC.png,205.26768466594888,0.212266698797
803_HC.png,268.36475252881235,0.202742586232
804_HC.png,270.7443542991949,0.281089742978
805_HC.png,284.7954437944238,0.257474978765
